<?xml version="1.0" encoding='UTF-8'?>
<catalog>
<!--Sample -->
         <book id="101">
                    <title>XML in a nut shell</title>
                    <author>Elliotte Rusty Harold, W.Scott Means</author>
                    <price>39.95</price>
          </book>
          <book id="121">
                    <title>Who moved my cheese</title>
                    <author>Spencer,  M.D.Johnson, Kenneth H.Blanchard</author>
                    <price>19.95</price>
          </book>
</catalog>
